"","nll","TAC_E","TAC_W","zeroMeanNLL","deltaNLL","amWts","wtdTAC_E","wtdTAC_W","Bnext_E","Bnext_W"
"1",517.374971609507,3.29600550665236,1.18829428106206,4.47350034407168,10.6952017463197,0.00465094305019758,0.0153295339045777,0.00552668902809513,36.531554386558,15.8086528077164
"2",514.649672323612,4.31945524696278,1.11034115608796,1.74820105817651,7.96990246042452,0.0181690509342864,0.0784804023904375,0.0201738450193966,47.8750457049425,14.0503806923761
"3",506.679769863187,3.23799810739594,1.94908326419878,-6.22170140224802,0,0.977180006015516,3.1641070100634,1.90460519583451,35.8886244956698,27.1913486078687
