"","nll","TAC_E","TAC_W","zeroMeanNLL","deltaNLL","amWts","wtdTAC_E","wtdTAC_W","Bnext_E","Bnext_W"
"1",200.282390224725,36.5509420982266,8.15584083021337,-6.85783369415677,1.25762900483613,0.279768117261641,10.2257882549601,2.28174423375442,147.081962247575,48.9694488987342
"2",212.407529909787,79.4404030926831,10.2464644097668,5.26730599090493,13.3827686898978,0.000651414755050376,0.0517486507217233,0.0066746981036206,275.282231292624,90.1698489437559
"3",199.024761219889,40.0507350986048,5.16708938865654,-8.1154626989929,0,0.524673209055898,21.0135477092327,2.71103337102511,148.133793143088,29.4894623868949
"4",201.005298548254,36.5008631540141,11.3101901815921,-6.13492537062811,1.98053732836479,0.19490396413998,7.1141629232483,2.20440090156939,147.828991407529,85.4753272319414
"5",222.981139691755,108.878079383052,19.3105420261035,15.8409157728728,23.9563784718657,3.29478742972543e-06,0.000358730127323928,6.36241311287904e-05,402.919545984218,216.896773553671
