"","nll","TAC_E","TAC_W","zeroMeanNLL","deltaNLL","amWts","wtdTAC_E","wtdTAC_W","Bnext_E","Bnext_W"
"1",223.520582764883,19.6610456972209,4.13286497254419,6.11597087711272,14.9167484504096,3.32455752798276e-07,6.53642774807087e-06,1.3739947356608e-06,391.06131820901,53.1245390454371
"2",220.089418583954,24.9923189756481,3.65230728527713,2.68480669618415,11.4855842694811,1.02770749222066e-05,0.00025684793459242,3.75350356097139e-05,494.97840291833,44.6572967521642
"3",208.603834314473,19.2960518648975,6.76056884748432,-8.8007775732969,0,0.999989390469325,19.2958471428433,6.76049712102175,523.811569087424,110.50040016469
