"","nll","TAC_E","TAC_W","zeroMeanNLL","deltaNLL","amWts","wtdTAC_E","wtdTAC_W","Bnext_E","Bnext_W"
"1",258.778470579485,20.0988312836811,1.99878011153948,2.96575262780087,7.64334817031454,0.0205962536034528,0.413960626251708,0.041167382074805,117.601596761148,12.2558854565715
"2",257.524560866397,25.5981195343311,1.72584658035026,1.71184291471278,6.38943845722645,0.0385541617696416,0.986914041525224,0.0665385682484067,171.838570757889,10.5823436416411
"3",251.135122409171,19.6397079276858,5.86304319260037,-4.67759554251367,0,0.940849584626906,18.4780110459569,5.51624175240767,191.900613715459,36.9050307098581
